{
  "observed_loss_ha_in_sample": 30431.8828125,
  "expected_loss_ha_in_sample": 57626.1484375
}